"from","to"
"1","122"
"1","123"
"1","147"
"1","158"
"2","122"
"2","123"
"2","147"
"2","158"
"3","122"
"3","123"
"3","147"
"3","158"
"4","122"
"4","124"
"4","146"
"4","153"
"5","122"
"5","124"
"5","146"
"5","153"
"6","122"
"6","124"
"6","146"
"6","153"
"7","120"
"7","142"
"7","152"
"8","140"
"8","150"
"8","155"
"9","140"
"9","150"
"9","155"
"10","140"
"10","150"
"10","155"
"11","141"
"11","150"
"11","156"
"12","141"
"12","150"
"12","156"
"13","141"
"13","150"
"13","156"
"14","134"
"14","148"
"14","159"
"15","134"
"15","148"
"15","159"
"16","138"
"16","148"
"16","159"
"17","136"
"17","145"
"17","154"
"18","136"
"18","137"
"18","144"
"18","145"
"18","154"
"20","132"
"20","145"
"20","154"
"21","118"
"21","149"
"21","155"
"21","156"
"22","117"
"22","148"
"22","159"
"23","116"
"23","145"
"23","154"
"25","114"
"25","145"
"25","154"
"26","128"
"26","148"
"26","159"
"27","126"
"27","150"
"27","155"
"28","127"
"28","150"
"28","156"
"29","130"
"29","148"
"29","159"
"30","129"
"30","148"
"30","159"
